card number,image prompt
four_week_integration_plan,Macro close-up of aged parchment paper texture with subtle ink wash and crystalline geometry patterns in soft morning light
workbook_01_energy_mapping,Abstract charcoal and gold leaf painting on aged parchment paper with delicate textures and deep shadows
workbook_02_context_framing,Abstract cinematic capture of deep swirling water transitioning into dark fertile soil with ethereal golden light particles
daily_inquiry_practice,"Monochrome artistic photo of a human back and spine in soft directional light, emphasizing the vertebrae and alignment"
14_day_integration_plan,Macro close-up of aged parchment paper texture with subtle ink wash and crystalline geometry patterns in soft morning light
ritual_scripts,monochrome close-up of a vintage fountain pen resting on aged yellowed paper with ink blots and delicate calligraphy
workbook_02_heart_to_mind_dashboard,vintage astronomical chart of the moon phases and constellations on aged parchment paper with ink stains and elegant script
workbook_17_balance_igniting_to_fire_1,Close-up portrait of an elderly librarian with silver hair in a scholarly setting with soft library lighting
workbook_17_balance_igniting_to_fire_2,Minimalist composition of balanced stones against a shifting light background representing equilibrium transitioning into kinetic energy
workbook_16_soul_balancing_through_harmony_1,close-up portrait of a scholar in a dim library with soft golden light catching the edges of their glasses
workbook_16_soul_balancing_through_harmony_2,ancient botanical illustration of a willow tree with subtle golden geometric overlays representing the golden ratio and equilibrium
workbook_15_gut_flowing_to_soul_1,close-up profile of a scholarly woman in a vintage library setting with warm atmospheric lighting
workbook_15_gut_flowing_to_soul_2,abstract macro photography of flowing water mixing with dark sand and earth textures in high contrast
energy_mapping,Abstract art representing fluid blue water textures morphing into ethereal golden air wisps with a vintage paper texture overlay
workbook_05_soul_to_balance_1,close-up portrait of an academic curator with spectacles in a softly lit library setting
workbook_05_soul_to_balance_2,a vintage wax seal with a lunar motif on aged parchment paper
workbook_05_soul_to_balance_3,minimalist overhead shot of a single candle and an open leather journal on a textured cream surface
workbook_07_fire_to_depth_1,Close-up portrait of an elderly scholarly woman with glasses and silver hair in a soft-lit library environment
workbook_07_fire_to_depth_2,"Minimalist abstract photograph of smoke swirling into dark water, representing the transition from fire to water elements"
workbook_07_fire_to_depth_3,"Black and white macro photo of crystalline structures forming, representing the crystallization of thought into physical reality"
workbook_01_practices_protocols_1,abstract minimalist overhead view of calm water ripples in soft warm beige light with fine texture
workbook_01_practices_protocols_2,blurred ethereal silhouette of a throat and jawline in high-key soft warm light with grainy film texture
workbook_01_practices_protocols_3,fine art photography of human spine vertebrae with dramatic chiaroscuro lighting on dark background
workbook_19_depth_rooting_in_earth_1,close-up portrait of an elderly academic scholar with a thoughtful expression in a dimly lit library
workbook_19_depth_rooting_in_earth_2,extreme close-up of cracked dry earth textures with a single gold leaf vein running through the center
workbook_21_vision_speaking_through_voice_2_1,high-end editorial photography of a vintage astronomical chart beside a glass inkwell and an owl feather on a cream surface
workbook_21_vision_speaking_through_voice_2_2,technical drawing of human pulmonary system and skeletal arms on sepia paper with handwritten notes in the margins
workbook_14_mind_manifesting_through_gut_1,Close-up portrait of a scholarly person with thoughtful expression in soft natural academic lighting
workbook_14_mind_manifesting_through_gut_2,A vintage botanical illustration of a digestive system interlaced with celestial maps and astronomical diagrams on aged vellum
workbook_14_mind_manifesting_through_gut_3,Macro photography of complex crystalline structure or mineral salts mimicking the look of microscopic neural pathways
workbook_14_mind_manifesting_through_gut_4,Close-up of human hands carefully pressing a gold-leaf seal onto a heavy paper envelope in a dark wood-paneled room
workbook_04_vision_to_voice_1,"Fine line art of a mystical celestial map on aged parchment, atmospheric soft lighting, minimalist archival museum style"
workbook_04_vision_to_voice_2,"Close up of a vintage fountain pen nib touching thick cream colored paper with ink blooming, moody atmospheric lighting"
workbook_10_vision_to_voice_1,Close up portrait of an elderly academic scholar with glasses and a thoughtful expression in soft library lighting
workbook_10_vision_to_voice_2,Vintage charcoal anatomical sketch of the human torso and respiratory system on aged parchment paper with golden ink annotations
workbook_10_vision_to_voice_3,Wide angle shot of a dimly lit ancient library with towering mahogany shelves filled with old leather-bound books and dust motes dancing in shafts of light
workbook_10_vision_to_voice_4,"Close up of white bird feathers in soft focus with a high-key bright lighting aesthetic, emphasizing texture and lightness"
research_seminar_prompts,extreme close-up of a hand-drawn scientific grid on aged paper with fine ink lines and microscopic data points
the_great_library_1,Monochrome photograph of an ancient mahogany library shelf filled with vellum-bound books in soft misty morning light
the_great_library_2,Old open book on a wooden table with dramatic shadows and golden sunlight hitting the pages
the_great_library_3,Atmospheric shot of melting wax from a lit candle on an old manuscript at night
the_great_library_4,Close up of a dusty old globe and vintage navigation instruments in an explorer's study
workbook_25_eclipse_portal_dashboard_1,dramatic solar eclipse with glowing corona against a dark moody sky and silhouettes of monolithic stone structures
workbook_25_eclipse_portal_dashboard_2,abstract ethereal smoke and light particles swirling in a deep dark charcoal space with subtle golden glints
workbook_25_eclipse_portal_dashboard_3,extreme close up of golden ink marbling in black liquid creating cosmic nebulas and cellular patterns
workbook_13_heart_expanding_to_mind_1,A vintage circular academic seal or wax stamp on aged parchment with intricate occult or celestial engravings
workbook_13_heart_expanding_to_mind_2,"Black and white close-up portrait of a scholar in a dark library, soft lighting on their face and wire-rim glasses"
workbook_13_heart_expanding_to_mind_3,"A detailed anatomical engraving of the human nervous system radiating from the heart center, gold leaf accents on nerve endings"
workbook_13_heart_expanding_to_mind_4,"Vast cosmic nebula with swirling star dust and deep space textures, monochromatic sepia tone with high contrast grain"
workbook_23_womb_structuring_to_bone_1,microscopic crystalline structure of bone matrix mixed with soft organic textures of silk and fluid shadows in sepia tones
workbook_23_womb_structuring_to_bone_2,abstract architectural study of brutalist concrete textures meeting soft morning mist in a serene scholarly atmosphere
sacred_geometry,monochromatic artistic portrait of a pensive researcher in a traditional library with dusty light beams and leather books
context_framing,"Monochrome aesthetic photograph of moonlight reflecting on dark ripples of water, soft grain texture, evocative and mystical"
workbook_26_pisces_virgo_eclipse_portal_1,abstract cosmic photography with swirling golden dust and deep indigo textures representing the spiritual insight of Pisces
workbook_26_pisces_virgo_eclipse_portal_2,dramatic silhouette of a mountain ridge under a clear starry night sky with a subtle eclipse halo appearing behind a peak
workbook_03_root_to_vision_1,"Close up portrait of a scholarly curator with soft window lighting, dark academic aesthetic"
workbook_03_root_to_vision_2,Macro photography of aged parchment paper with delicate ink botanical sketches and golden sunlight highlights
workbook_03_root_to_vision_3,High-angle view of an antique world map with a brass compass and a magnifying glass on a rustic wooden desk
workbook_21_vision_speaking_through_voice_1_1,high-end editorial photography of a vintage astronomical chart beside a glass inkwell and an owl feather on a cream surface
workbook_21_vision_speaking_through_voice_1_2,technical drawing of human pulmonary system and skeletal arms on sepia paper with handwritten notes in the margins
workbook_01_context_framing,Macro photography of a single ember glowing in deep darkness with subtle smoke tendrils and warm golden sparks
workbook_22_voice_nourishing_to_womb,abstract double exposure of ethereal lunar surface and delicate human ribcage anatomy illustration in soft sepia tones
workbook_01_ritual_scripts_1,abstract macro photography of molten wax and glowing embers in a dark ritualistic setting with warm golden light
workbook_01_ritual_scripts_2,dramatic aerial landscape of a volcanic crater lake at dusk with misty atmosphere and deep shadows
workbook_02_depth_to_root,Monochrome fine art photograph of a dark moon reflecting on still water with deep shadows and ethereal light
workbook_11_voice_to_womb_1,"Close-up portrait of an elderly academic scholar with gray beard in a dimly lit library, soft focus background"
workbook_11_voice_to_womb_2,Macro photography of delicate white vellum paper textures with subtle gold leaf specks and soft shadows
workbook_11_voice_to_womb_3,"A minimalist architectural study of an arched stone hallway in an ancient Italian monastery, morning sun casting long shadows"
workbook_09_root_to_vision_1,Portrait of an academic scholar in a library with warm lighting and soft shadows
workbook_09_root_to_vision_2,"Abstract macro photography of cracked desert earth shifting into glowing embers, symbolizing earth to fire transition"
workbook_02_practices_protocols_1,close-up portrait of a scholar with neutral expression in soft academic lighting
workbook_02_practices_protocols_2,ancient parchment paper with subtle botanical sketches and atmospheric shadows
14_day_sequential_practice_log,Monochrome close-up of aged vellum paper texture with subtle grain and historical markings
workbook_02_ritual_scripts,"Ancient dark textured stone sculpture with cracks and moss, dramatic overhead lighting, deep shadows"
workbook_08_depth_to_root_1,"Close-up portrait of a thoughtful academic curator in a library, soft focus background with aged books"
workbook_08_depth_to_root_2,"Macro photography of deep red ink swirling in dark water, representing fluid energy and subconscious depths"
workbook_08_depth_to_root_3,"Atmospheric shot of a rugged mountain peak touching low-hanging clouds at dawn, symbolizing earth grounding"
the_chronological_index,close-up of weathered ancient parchment paper with faded handwritten calligraphy and ink stains in warm golden lighting
workbook_06_balance_to_fire_1,Monochrome portrait of an intellectual woman in a library setting with soft focus books in background
workbook_06_balance_to_fire_2,"High-contrast detailed texture of lunar surface with deep shadows and sharp craters, astronomical academic style"
the_canonical_archive_master_index_2,abstract monochromatic celestial patterns
workbook_25_virgo_aries_eclipse_portal_1,abstract close-up of aged gold leaf with textured paper grain and soft dramatic side lighting reflecting on metallic surfaces
workbook_25_virgo_aries_eclipse_portal_2,vintage monochrome botanical and anatomical sketch of a stomach and a human head linked by delicate ethereal lines on parchment
workbook_12_womb_to_bone_1,close-up portrait of an elderly academic with spectacles in a dimly lit library setting
workbook_12_womb_to_bone_2,"high-contrast artistic photograph of a human vertebrae against a dark, minimalist background with soft golden rim lighting"
workbook_12_womb_to_bone_3,black and white aesthetic photo of a person kneeling in a contemplative pose on a stone floor with sharp shadows
workbook_01_context_framing_updated_nav,Macro photography of a single ember glowing in deep darkness with subtle smoke tendrils and warm golden sparks
14_day_arc_dashboard,"abstract artistic composition of aged paper, dried leaves, and a faint gold circular sigil with dramatic shadows"
workbook_20_root_expanding_to_vision_1,Close-up portrait of an elderly librarian with silver hair and spectacles in a warm sepia-toned study
workbook_20_root_expanding_to_vision_2,Atmospheric shot of aged parchments and a brass compass on a wooden desk with soft rays of morning sun
workbook_24_bone_warming_to_heart,"close-up of ancient weathered stone textured with gold leaf in a vertical crevice, atmospheric lighting, scholarly aesthetic"
workbook_03_mind_to_gut_dashboard_1,a vintage anatomical illustration of the human nervous system intertwined with botanical golden wheat stalks on aged parchment
workbook_03_mind_to_gut_dashboard_2,"minimalist macro photograph of golden oil swirling in clear water, soft clinical lighting, ethereal and scientific"
workbook_01_ignition_to_depth_1,close-up portrait of an elderly scholar with a silver beard and thoughtful expression in soft library lighting
workbook_01_ignition_to_depth_2,Abstract macro photography of ink diffusing in clear water with golden flecks and soft ethereal lighting
workbook_02_energy_mapping,close-up of ancient astronomy manuscript with intricate lunar illustrations on weathered vellum paper in dim warm library lighting
the_scribe_s_desk,moody close-up of a vintage fountain pen and ink well on aged parchment with soft candlelight and deep shadows
workbook_18_fire_deepening_to_shadow_1,"Librarian profile in warm atmospheric lighting, scholarly and composed look"
workbook_18_fire_deepening_to_shadow_2,"Microscopic view of ink dispersing in water, creating dark ethereal smoky patterns on a light background"
the_canonical_archive_master_index_1,abstract monochromatic celestial patterns
